Name,Subject
Emma Johnson,Business
Noah Smith,Computer Science
Olivia Brown,English
Liam Wilson,History
Ava Davis,Math
Lucas Lee,Science
Sophia Miller,Business
Jackson Wilson,Computer Science
Isabella Davis,English
Logan Brown,History
Mia Wilson,Math
Aiden Johnson,Science
Harper Smith,Business
Ethan Lee,Computer Science
Abigail Wilson,English
Evelyn Davis,History
Lincoln Brown,Math
Camila Miller,Science
Aria Johnson,Business
James Wilson,Computer Science
Ella Davis,English
Alexander Lee,History
Grace Brown,Math
Oliver Johnson,Science
Lily Smith,Business
Benjamin Miller,Computer Science
Chloe Wilson,English
Samuel Davis,History
Scarlett Lee,Math
Henry Brown,Science
